Date,Sentiment_Score
2019-01-02,-1.0
2019-01-03,0.5
2019-01-04,0.0
2019-01-05,0.0
2019-01-07,0.0
2019-01-09,1.0
2019-01-10,-0.3333333333333333
2019-01-14,1.0
2019-01-16,0.0
2019-01-17,0.3333333333333333
2019-01-18,0.0
2019-01-19,0.6666666666666666
2019-01-20,1.0
2019-01-22,0.0
2019-01-23,0.0
2019-01-24,0.0
2019-01-25,0.0
2019-01-28,0.6666666666666666
2019-01-30,1.0
2019-01-31,0.2
2019-02-05,0.5
2019-02-06,1.0
2019-02-10,0.0
2019-02-11,0.0
2019-02-12,1.0
2019-02-13,1.0
2019-02-14,0.5
2019-02-15,1.0
2019-02-17,0.0
2019-02-18,0.6666666666666666
2019-02-20,0.0
2019-02-25,1.0
2019-02-26,1.0
2019-02-28,0.5
2019-03-01,0.0
2019-03-03,-0.5
2019-03-07,0.0
2019-03-08,1.0
2019-03-09,1.0
2019-03-11,0.0
2019-03-13,-1.0
2019-03-14,0.0
2019-03-15,-1.0
2019-03-16,0.0
2019-03-17,0.0
2019-03-19,-1.0
2019-03-23,0.0
2019-03-24,1.0
2019-03-26,0.0
2019-03-29,1.0
2019-03-30,0.0
2019-03-31,1.0
2019-04-02,-1.0
2019-04-03,0.0
2019-04-05,0.0
2019-04-10,0.0
2019-04-12,0.0
2019-04-13,0.0
2019-04-15,0.0
2019-04-16,0.0
2019-04-17,1.0
2019-04-18,-1.0
2019-04-19,0.5
2019-04-20,1.0
2019-04-21,0.5
2019-04-24,0.0
2019-04-26,0.14285714285714285
2019-04-27,0.0
2019-04-29,0.6666666666666666
2019-04-30,0.75
2019-05-01,0.5
2019-05-02,0.0
2019-05-03,0.0
2019-05-06,0.0
2019-05-07,0.0
2019-05-11,0.0
2019-05-13,-0.25
2019-05-16,0.0
2019-05-18,0.0
2019-05-23,0.0
2019-05-24,0.0
2019-05-25,0.0
2019-05-26,0.0
2019-05-31,0.0
2019-06-02,0.5
2019-06-04,-0.5
2019-06-05,0.0
2019-06-07,0.0
2019-06-10,0.0
2019-06-11,0.0
2019-06-12,0.0
2019-06-14,0.0
2019-06-15,1.0
2019-06-17,-0.3333333333333333
2019-06-18,0.0
2019-06-20,0.3333333333333333
2019-06-21,0.0
2019-06-22,0.0
2019-06-23,0.0
2019-06-24,0.0
2019-06-25,0.0
2019-06-30,0.0
2019-07-02,0.0
2019-07-04,-0.6666666666666666
2019-07-07,0.0
2019-07-10,0.0
2019-07-11,1.0
2019-07-13,0.5
2019-07-14,0.5
2019-07-15,0.0
2019-07-18,-1.0
2019-07-19,0.0
2019-07-22,0.0
2019-07-25,0.0
2019-07-26,-1.0
2019-07-27,0.0
2019-07-28,1.0
2019-07-29,0.0
2019-07-30,0.5
2019-07-31,0.0
2019-08-02,0.0
2019-08-03,0.0
2019-08-04,0.0
2019-08-08,1.0
2019-08-10,-0.5
2019-08-11,0.0
2019-08-13,0.0
2019-08-14,-1.0
2019-08-15,0.0
2019-08-18,0.0
2019-08-19,0.0
2019-08-20,0.0
2019-08-23,1.0
2019-08-24,0.0
2019-08-26,1.0
2019-08-28,0.0
2019-08-29,1.0
2019-08-30,-1.0
2019-08-31,0.0
2019-09-01,-0.5
2019-09-02,0.3333333333333333
2019-09-03,0.0
2019-09-05,0.0
2019-09-06,0.0
2019-09-07,0.0
2019-09-12,0.0
2019-09-14,0.0
2019-09-15,0.5
2019-09-16,1.0
2019-09-17,0.0
2019-09-18,0.0
2019-09-24,0.0
2019-09-25,0.5
2019-09-26,0.0
2019-09-29,0.5
2019-10-01,0.5
2019-10-02,-0.5
2019-10-03,-1.0
2019-10-04,0.0
2019-10-06,1.0
2019-10-07,1.0
2019-10-11,-1.0
2019-10-13,0.5
2019-10-14,1.0
2019-10-15,0.0
2019-10-16,0.0
2019-10-18,0.0
2019-10-19,0.0
2019-10-20,0.0
2019-10-21,0.0
2019-10-22,0.5
2019-10-24,0.0
2019-10-25,0.0
2019-10-29,-1.0
2019-10-30,1.0
2019-11-01,0.3333333333333333
2019-11-02,0.0
2019-11-04,0.0
2019-11-05,0.0
2019-11-06,-1.0
2019-11-07,0.0
2019-11-08,-1.0
2019-11-09,0.0
2019-11-10,1.0
2019-11-12,0.0
2019-11-13,0.0
2019-11-14,0.0
2019-11-15,0.0
2019-11-16,0.0
2019-11-17,0.0
2019-11-20,1.0
2019-11-21,0.0
2019-11-23,0.0
2019-11-26,0.0
2019-11-27,0.0
2019-11-30,0.5
2019-12-02,1.0
2019-12-03,-1.0
2019-12-04,0.0
2019-12-05,0.0
2019-12-06,0.0
2019-12-11,0.0
2019-12-13,0.0
2019-12-14,0.5
2019-12-16,0.0
2019-12-19,0.0
2019-12-23,0.5
2019-12-24,0.0
2019-12-25,0.0
2019-12-30,1.0
2020-01-01,0.0
2020-01-02,0.0
2020-01-04,-1.0
2020-01-05,0.0
2020-01-06,0.3333333333333333
2020-01-08,0.0
2020-01-10,1.0
2020-01-11,0.0
2020-01-12,0.0
2020-01-14,0.0
2020-01-16,0.0
2020-01-18,0.0
2020-01-19,-1.0
2020-01-20,-1.0
2020-01-22,-0.6666666666666666
2020-01-23,-0.5
2020-01-24,0.0
2020-01-26,0.0
2020-01-27,0.0
2020-01-28,1.0
2020-01-30,0.0
2020-01-31,0.5
2020-02-01,-1.0
2020-02-02,0.0
2020-02-03,0.0
2020-02-05,1.0
2020-02-06,-1.0
2020-02-07,1.0
2020-02-09,0.0
2020-02-10,1.0
2020-02-15,-1.0
2020-02-16,1.0
2020-02-20,0.5
2020-02-21,-1.0
2020-02-23,0.0
2020-02-24,0.0
2020-02-25,1.0
2020-02-27,0.3333333333333333
2020-03-01,1.0
2020-03-02,0.0
2020-03-05,0.5
2020-03-10,0.5
2020-03-11,0.0
2020-03-12,0.5
2020-03-14,0.0
2020-03-15,0.5
2020-03-16,0.0
2020-03-17,-1.0
2020-03-19,0.0
2020-03-22,1.0
2020-03-23,0.0
2020-03-24,0.3333333333333333
2020-03-25,0.4
2020-03-27,1.0
2020-03-28,-1.0
2020-03-29,0.0
2020-03-31,-1.0
2020-04-01,1.0
2020-04-04,0.0
2020-04-05,1.0
2020-04-06,-0.5
2020-04-07,0.5
2020-04-09,0.0
2020-04-11,0.0
2020-04-13,0.0
2020-04-14,1.0
2020-04-18,-0.3333333333333333
2020-04-22,0.0
2020-04-23,0.0
2020-04-24,0.0
2020-04-27,1.0
2020-04-29,-0.3333333333333333
2020-05-02,0.0
2020-05-03,0.0
2020-05-04,1.0
2020-05-05,0.0
2020-05-06,0.3333333333333333
2020-05-07,1.0
2020-05-08,0.0
2020-05-09,0.5
2020-05-10,0.0
2020-05-11,0.3333333333333333
2020-05-12,0.0
2020-05-13,0.25
2020-05-14,-1.0
2020-05-16,-1.0
2020-05-17,0.0
2020-05-18,0.0
2020-05-21,0.6666666666666666
2020-05-24,0.0
2020-05-26,0.0
2020-05-28,0.0
2020-05-30,1.0
2020-05-31,0.0
2020-06-01,0.5
2020-06-02,0.0
2020-06-05,0.3333333333333333
2020-06-07,1.0
2020-06-08,0.25
2020-06-09,0.0
2020-06-10,0.0
2020-06-11,0.0
2020-06-12,1.0
2020-06-13,1.0
2020-06-14,-0.3333333333333333
2020-06-15,0.3333333333333333
2020-06-16,1.0
2020-06-17,-0.5
2020-06-18,0.0
2020-06-19,-0.5
2020-06-20,0.5
2020-06-24,0.0
2020-06-25,0.0
2020-06-26,0.0
2020-06-27,-0.3333333333333333
2020-06-29,0.0
2020-07-01,1.0
2020-07-04,1.0
2020-07-05,0.0
2020-07-08,0.0
2020-07-09,1.0
2020-07-13,0.0
2020-07-14,-1.0
2020-07-15,1.0
2020-07-17,0.0
2020-07-18,1.0
2020-07-24,0.5
2020-07-26,0.5
2020-07-30,1.0
2020-07-31,0.0
2020-08-01,-0.3333333333333333
2020-08-06,0.0
2020-08-09,0.0
2020-08-11,0.0
2020-08-12,-1.0
2020-08-14,-1.0
2020-08-15,1.0
2020-08-17,0.0
2020-08-18,0.5
2020-08-19,0.0
2020-08-20,-0.3333333333333333
2020-08-22,0.0
2020-08-23,-1.0
2020-08-24,0.0
2020-08-27,-1.0
2020-08-28,0.5
2020-08-29,-0.3333333333333333
2020-08-30,0.0
2020-08-31,0.5
2020-09-01,0.2
2020-09-05,0.0
2020-09-06,1.0
2020-09-07,0.0
2020-09-08,0.0
2020-09-13,1.0
2020-09-14,0.0
2020-09-15,0.0
2020-09-17,0.0
2020-09-19,1.0
2020-09-20,1.0
2020-09-23,1.0
2020-09-24,0.0
2020-09-25,0.0
2020-09-26,0.0
2020-09-27,0.0
2020-09-28,1.0
2020-10-01,0.0
2020-10-02,0.5
2020-10-03,0.5
2020-10-04,0.25
2020-10-05,0.0
2020-10-07,0.0
2020-10-09,1.0
2020-10-10,0.0
2020-10-11,0.0
2020-10-17,0.0
2020-10-18,0.0
2020-10-20,1.0
2020-10-21,0.0
2020-10-22,0.0
2020-10-23,0.0
2020-10-24,-1.0
2020-10-28,1.0
2020-10-29,1.0
2020-10-30,0.0
2020-10-31,1.0
2020-11-01,1.0
2020-11-02,0.5
2020-11-03,0.0
2020-11-04,0.5
2020-11-05,1.0
2020-11-06,0.5
2020-11-07,1.0
2020-11-08,0.5
2020-11-09,0.0
2020-11-11,0.0
2020-11-13,0.0
2020-11-14,0.0
2020-11-15,0.6666666666666666
2020-11-17,0.0
2020-11-18,0.0
2020-11-19,-0.5
2020-11-21,1.0
2020-11-22,0.5
2020-11-23,0.5
2020-11-25,0.6666666666666666
2020-11-26,0.0
2020-11-28,0.0
2020-11-29,0.0
2020-12-01,0.0
2020-12-02,1.0
2020-12-03,0.5
2020-12-04,1.0
2020-12-06,0.5
2020-12-07,-1.0
2020-12-09,0.0
2020-12-12,0.0
2020-12-14,0.0
2020-12-15,0.6666666666666666
2020-12-16,0.0
2020-12-17,-0.5
2020-12-18,0.0
2020-12-20,0.6666666666666666
2020-12-21,1.0
2020-12-23,-0.5
2020-12-26,1.0
2020-12-27,0.0
2020-12-29,1.0
2020-12-30,0.0
2020-12-31,0.0
2021-01-01,-0.5
2021-01-03,0.0
2021-01-05,1.0
2021-01-06,0.0
2021-01-10,0.0
2021-01-11,0.0
2021-01-12,0.0
2021-01-14,0.0
2021-01-15,0.0
2021-01-17,1.0
2021-01-20,0.5
2021-01-25,0.0
2021-01-26,0.0
2021-01-27,-1.0
2021-01-28,0.3333333333333333
2021-01-29,0.0
2021-01-30,1.0
2021-01-31,-1.0
2021-02-01,0.5
2021-02-02,0.0
2021-02-04,-0.5
2021-02-05,0.0
2021-02-06,0.0
2021-02-08,0.0
2021-02-09,0.0
2021-02-10,1.0
2021-02-11,0.5
2021-02-12,1.0
2021-02-14,0.0
2021-02-15,1.0
2021-02-16,0.0
2021-02-17,0.0
2021-02-18,0.5
2021-02-19,0.0
2021-02-20,0.25
2021-02-22,0.0
2021-02-25,0.3333333333333333
2021-02-26,0.0
2021-03-01,0.5
2021-03-02,0.0
2021-03-03,0.0
2021-03-04,0.5
2021-03-06,0.0
2021-03-07,1.0
2021-03-08,0.0
2021-03-12,0.5
2021-03-13,0.0
2021-03-14,0.0
2021-03-15,-1.0
2021-03-16,-1.0
2021-03-21,0.0
2021-03-23,0.0
2021-03-24,1.0
2021-03-25,0.0
2021-03-27,0.0
2021-03-28,0.5
2021-03-29,0.0
2021-03-30,0.0
2021-03-31,0.25
2021-04-01,0.5
2021-04-02,0.5
2021-04-03,0.0
2021-04-05,-1.0
2021-04-06,0.0
2021-04-07,1.0
2021-04-11,-0.5
2021-04-13,0.3333333333333333
2021-04-18,-1.0
2021-04-19,-0.5
2021-04-20,0.0
2021-04-21,0.0
2021-04-22,0.5
2021-04-23,-1.0
2021-04-24,1.0
2021-04-25,0.0
2021-04-27,1.0
2021-04-28,0.0
2021-04-30,0.0
2021-05-04,0.3333333333333333
2021-05-05,0.5
2021-05-09,0.5
2021-05-11,0.0
2021-05-12,-1.0
2021-05-14,0.0
2021-05-19,0.25
2021-05-21,0.0
2021-05-22,-0.5
2021-05-23,-0.3333333333333333
2021-05-24,0.0
2021-05-25,0.0
2021-05-26,0.0
2021-05-27,0.3333333333333333
2021-05-28,1.0
2021-05-30,-0.5
2021-06-03,0.6666666666666666
2021-06-04,0.0
2021-06-05,-0.5
2021-06-06,0.5
2021-06-08,0.0
2021-06-18,0.0
2021-06-20,0.0
2021-06-22,0.5
2021-06-24,0.0
2021-06-25,0.16666666666666666
2021-06-27,0.5
2021-06-28,0.0
2021-07-01,-0.2
2021-07-02,-0.5
2021-07-04,0.3333333333333333
2021-07-05,0.0
2021-07-06,0.0
2021-07-07,0.0
2021-07-08,0.0
2021-07-09,1.0
2021-07-12,0.0
2021-07-13,0.0
2021-07-14,0.0
2021-07-15,0.0
2021-07-16,1.0
2021-07-18,0.0
2021-07-19,-1.0
2021-07-20,1.0
2021-07-21,0.3333333333333333
2021-07-22,-1.0
2021-07-23,0.5
2021-07-24,1.0
2021-07-25,0.0
2021-07-26,-1.0
2021-07-27,1.0
2021-07-29,1.0
2021-08-01,0.0
2021-08-04,0.6666666666666666
2021-08-05,1.0
2021-08-07,0.0
2021-08-08,-1.0
2021-08-10,0.0
2021-08-11,0.0
2021-08-12,1.0
2021-08-13,1.0
2021-08-14,0.0
2021-08-15,1.0
2021-08-16,-1.0
2021-08-18,0.0
2021-08-20,0.0
2021-08-21,1.0
2021-08-22,-0.3333333333333333
2021-08-23,0.0
2021-08-25,0.0
2021-08-27,0.0
2021-08-28,0.0
2021-08-29,0.5
2021-08-31,0.5
2021-09-01,1.0
2021-09-03,1.0
2021-09-05,-1.0
2021-09-06,0.5
2021-09-07,1.0
2021-09-08,0.0
2021-09-10,1.0
2021-09-11,-1.0
2021-09-12,0.0
2021-09-13,0.5
2021-09-16,0.0
2021-09-17,0.0
2021-09-18,0.0
2021-09-20,-0.25
2021-09-21,0.0
2021-09-22,0.0
2021-09-23,0.0
2021-09-24,0.0
2021-09-25,1.0
2021-09-27,0.0
2021-09-30,1.0
2021-10-02,0.5
2021-10-04,1.0
2021-10-06,0.0
2021-10-11,1.0
2021-10-13,0.0
2021-10-15,0.0
2021-10-16,0.0
2021-10-18,0.5
2021-10-20,-1.0
2021-10-22,0.0
2021-10-24,0.0
2021-10-25,0.0
2021-10-27,0.0
2021-10-28,-0.5
2021-10-29,1.0
2021-10-30,0.0
2021-11-01,0.0
2021-11-02,0.0
2021-11-05,0.0
2021-11-06,0.0
2021-11-07,0.5
2021-11-09,-0.5
2021-11-10,0.6666666666666666
2021-11-12,-1.0
2021-11-13,1.0
2021-11-14,0.0
2021-11-15,1.0
2021-11-16,1.0
2021-11-17,0.0
2021-11-18,1.0
2021-11-19,0.0
2021-11-24,1.0
2021-11-26,1.0
2021-11-27,1.0
2021-11-28,0.0
2021-11-29,0.0
2021-11-30,0.0
2021-12-01,0.0
2021-12-05,-1.0
2021-12-06,1.0
2021-12-09,-0.5
2021-12-10,0.0
2021-12-12,0.0
2021-12-14,0.0
2021-12-20,0.0
2021-12-22,-0.3333333333333333
2021-12-23,0.0
2021-12-29,0.0
2021-12-30,1.0
2021-12-31,0.0
2022-01-01,0.0
2022-01-04,1.0
2022-01-06,-0.5
2022-01-07,0.0
2022-01-09,0.25
2022-01-10,0.0
2022-01-11,0.0
2022-01-12,0.6666666666666666
2022-01-13,0.0
2022-01-14,0.0
2022-01-15,0.3333333333333333
2022-01-18,0.0
2022-01-21,1.0
2022-01-22,1.0
2022-01-23,0.0
2022-01-24,0.5
2022-01-26,-1.0
2022-01-27,1.0
2022-01-30,0.0
2022-01-31,1.0
2022-02-01,1.0
2022-02-02,1.0
2022-02-03,0.0
2022-02-04,1.0
2022-02-05,0.0
2022-02-07,0.0
2022-02-09,0.0
2022-02-11,0.0
2022-02-12,-0.5
2022-02-14,0.0
2022-02-15,0.0
2022-02-16,-0.5
2022-02-18,1.0
2022-02-20,0.0
2022-02-23,-0.5
2022-02-24,-0.5
2022-02-25,0.0
2022-02-26,0.0
2022-02-27,0.0
2022-02-28,0.3333333333333333
2022-03-01,0.0
2022-03-02,1.0
2022-03-04,0.0
2022-03-05,0.0
2022-03-07,-1.0
2022-03-08,1.0
2022-03-10,0.0
2022-03-11,0.0
2022-03-12,0.0
2022-03-18,0.0
2022-03-19,0.0
2022-03-20,0.0
2022-03-22,0.0
2022-03-23,1.0
2022-03-24,0.0
2022-03-27,1.0
2022-03-29,0.0
2022-03-30,0.0
2022-03-31,0.5
2022-04-02,0.6666666666666666
2022-04-03,0.0
2022-04-05,0.0
2022-04-06,1.0
2022-04-07,1.0
2022-04-08,0.5
2022-04-09,0.0
2022-04-12,0.0
2022-04-13,0.5
2022-04-15,0.0
2022-04-16,-0.5
2022-04-21,-1.0
2022-04-22,-0.5
2022-04-23,0.0
2022-04-25,-0.6666666666666666
2022-04-26,0.5
2022-04-27,1.0
2022-04-28,0.0
2022-04-30,0.0
2022-05-04,0.3333333333333333
2022-05-06,0.0
2022-05-07,-0.5
2022-05-08,0.0
2022-05-09,1.0
2022-05-10,0.0
2022-05-11,1.0
2022-05-12,0.0
2022-05-14,0.0
2022-05-15,1.0
2022-05-16,0.0
2022-05-18,0.5
2022-05-19,0.0
2022-05-23,0.0
2022-05-24,0.0
2022-05-25,0.5
2022-05-26,0.5
2022-05-28,0.0
2022-05-31,0.0
2022-06-01,0.0
2022-06-04,0.5
2022-06-05,-1.0
2022-06-07,0.0
2022-06-08,0.3333333333333333
2022-06-09,0.5
2022-06-10,0.0
2022-06-12,1.0
2022-06-13,0.0
2022-06-14,0.5
2022-06-15,1.0
2022-06-16,0.5
2022-06-18,-0.5
2022-06-19,-0.5
2022-06-20,-0.3333333333333333
2022-06-25,0.0
2022-06-26,1.0
2022-07-01,0.5
2022-07-02,0.0
2022-07-03,0.5
2022-07-05,-0.5
2022-07-07,0.0
2022-07-08,1.0
2022-07-09,1.0
2022-07-11,0.0
2022-07-14,-0.5
2022-07-15,1.0
2022-07-16,0.0
2022-07-17,0.0
2022-07-18,0.0
2022-07-19,0.0
2022-07-21,0.25
2022-07-22,0.0
2022-07-25,0.0
2022-07-30,-1.0
2022-08-01,0.0
2022-08-03,0.0
2022-08-04,0.0
2022-08-06,-1.0
2022-08-07,0.0
2022-08-08,0.0
2022-08-10,1.0
2022-08-15,0.0
2022-08-18,0.0
2022-08-19,-1.0
2022-08-20,1.0
2022-08-21,0.0
2022-08-23,0.6666666666666666
2022-08-24,0.6666666666666666
2022-08-25,0.0
2022-08-26,0.0
2022-08-29,0.5
2022-08-30,0.0
2022-09-01,0.5
2022-09-02,-1.0
2022-09-03,-0.3333333333333333
2022-09-04,1.0
2022-09-05,-0.6666666666666666
2022-09-08,0.0
2022-09-09,1.0
2022-09-11,0.3333333333333333
2022-09-13,0.5
2022-09-16,-0.5
2022-09-17,0.0
2022-09-18,0.0
2022-09-19,0.0
2022-09-22,0.0
2022-09-23,1.0
2022-09-24,0.0
2022-09-25,0.0
2022-09-26,0.3333333333333333
2022-09-27,0.0
2022-09-29,0.0
2022-09-30,0.0
2022-10-02,1.0
2022-10-04,0.0
2022-10-06,0.0
2022-10-08,0.5
2022-10-09,0.0
2022-10-10,-1.0
2022-10-11,1.0
2022-10-16,1.0
2022-10-19,0.0
2022-10-21,1.0
2022-10-24,0.5
2022-10-27,-1.0
2022-10-28,0.0
2022-10-30,0.25
2022-11-04,0.25
2022-11-05,0.5
2022-11-10,0.0
2022-11-11,0.0
2022-11-13,1.0
2022-11-14,0.6666666666666666
2022-11-16,1.0
2022-11-17,1.0
2022-11-19,0.5
2022-11-20,1.0
2022-11-21,0.0
2022-11-22,0.0
2022-11-23,1.0
2022-11-26,1.0
2022-11-27,0.0
2022-11-28,0.0
2022-11-29,0.0
2022-11-30,0.3333333333333333
2022-12-01,0.0
2022-12-02,0.0
2022-12-03,-1.0
2022-12-04,1.0
2022-12-05,0.0
2022-12-08,0.0
2022-12-09,1.0
2022-12-13,-1.0
2022-12-14,0.0
2022-12-15,0.5
2022-12-16,-1.0
2022-12-17,0.0
2022-12-18,0.0
2022-12-19,-1.0
2022-12-20,0.0
2022-12-21,-0.5
2022-12-22,0.0
2022-12-26,1.0
2022-12-27,1.0
2022-12-28,1.0
2022-12-31,0.0
2023-01-01,-0.5
2023-01-03,0.0
2023-01-06,-1.0
2023-01-07,1.0
2023-01-11,0.0
2023-01-12,1.0
2023-01-13,0.0
2023-01-16,0.0
2023-01-17,0.5
2023-01-19,1.0
2023-01-20,0.0
2023-01-21,0.0
2023-01-22,0.0
2023-01-23,0.0
2023-01-25,0.0
2023-01-28,0.6666666666666666
2023-01-30,0.6666666666666666
2023-01-31,1.0
2023-02-01,0.0
2023-02-03,-1.0
2023-02-04,1.0
2023-02-05,0.0
2023-02-08,0.0
2023-02-10,0.0
2023-02-11,1.0
2023-02-12,0.0
2023-02-13,0.0
2023-02-15,-1.0
2023-02-18,0.5
2023-02-20,0.0
2023-02-21,0.0
2023-02-22,0.5
2023-02-24,1.0
2023-02-26,0.0
2023-02-27,1.0
2023-02-28,0.0
2023-03-01,1.0
2023-03-02,1.0
2023-03-03,0.3333333333333333
2023-03-04,-0.5
2023-03-05,0.0
2023-03-07,1.0
2023-03-08,0.0
2023-03-09,0.0
2023-03-12,1.0
2023-03-13,0.0
2023-03-14,0.0
2023-03-16,0.0
2023-03-18,0.0
2023-03-20,0.0
2023-03-22,0.5
2023-03-23,0.0
2023-03-25,0.5
2023-03-28,0.0
2023-03-30,1.0
2023-04-01,0.0
2023-04-02,1.0
2023-04-03,1.0
2023-04-05,0.0
2023-04-07,0.5
2023-04-10,-0.5
2023-04-11,0.0
2023-04-12,0.0
2023-04-16,0.0
2023-04-17,0.0
2023-04-20,1.0
2023-04-21,0.0
2023-04-22,0.0
2023-04-23,0.5
2023-04-24,0.0
2023-04-25,0.0
2023-04-26,1.0
2023-04-27,1.0
2023-04-28,0.0
2023-04-29,0.0
2023-04-30,0.0
2023-05-01,0.0
2023-05-02,0.0
2023-05-03,1.0
2023-05-05,1.0
2023-05-07,0.0
2023-05-08,-1.0
2023-05-09,-1.0
2023-05-11,0.0
2023-05-12,1.0
2023-05-13,0.0
2023-05-14,0.0
2023-05-16,0.3333333333333333
2023-05-17,0.4
2023-05-18,0.0
2023-05-19,0.0
2023-05-21,-1.0
2023-05-23,1.0
2023-05-24,0.0
2023-05-26,0.5
2023-05-27,-0.2
2023-05-30,0.0
2023-05-31,0.0
2023-06-01,1.0
2023-06-02,0.5
2023-06-03,1.0
2023-06-04,0.0
2023-06-05,0.5
2023-06-06,0.0
2023-06-08,0.0
2023-06-09,0.0
2023-06-10,0.0
2023-06-12,0.5
2023-06-13,0.0
2023-06-15,1.0
2023-06-19,0.0
2023-06-21,0.0
2023-06-22,0.6666666666666666
2023-06-23,-1.0
2023-06-26,-1.0
2023-06-27,0.0
2023-06-28,0.0
2023-06-29,-0.6666666666666666
2023-06-30,0.0
2023-07-03,-0.5
2023-07-06,0.0
2023-07-12,0.0
2023-07-14,1.0
2023-07-16,1.0
2023-07-18,0.0
2023-07-19,1.0
2023-07-20,-1.0
2023-07-21,-0.6666666666666666
2023-07-24,0.5
2023-07-27,0.0
2023-07-28,-0.5
2023-07-29,1.0
2023-07-30,0.0
2023-07-31,0.0
2023-08-02,0.0
2023-08-04,0.0
2023-08-06,1.0
2023-08-11,1.0
2023-08-12,0.5
2023-08-14,0.0
2023-08-15,1.0
2023-08-18,0.0
2023-08-20,0.0
2023-08-21,0.0
2023-08-23,0.0
2023-08-24,0.0
2023-08-25,0.0
2023-08-28,0.0
2023-08-29,0.0
2023-08-31,0.0
2023-09-02,0.0
2023-09-03,1.0
2023-09-04,0.0
2023-09-05,0.0
2023-09-06,0.0
2023-09-07,0.0
2023-09-08,0.5
2023-09-09,0.0
2023-09-10,0.5
2023-09-11,0.0
2023-09-12,0.0
2023-09-13,0.0
2023-09-15,-0.5
2023-09-18,0.0
2023-09-22,1.0
2023-09-23,0.0
2023-09-24,0.0
2023-09-25,0.5
2023-09-28,-0.5
2023-10-04,1.0
2023-10-05,0.0
2023-10-08,0.3333333333333333
2023-10-09,-0.3333333333333333
2023-10-10,0.0
2023-10-11,1.0
2023-10-13,0.5
2023-10-14,1.0
2023-10-15,1.0
2023-10-17,1.0
2023-10-18,0.0
2023-10-22,-1.0
2023-10-24,0.6666666666666666
2023-10-25,0.0
2023-10-26,1.0
2023-10-27,0.0
2023-10-28,0.0
2023-10-31,0.0
2023-11-01,1.0
2023-11-02,0.0
2023-11-03,0.0
2023-11-04,0.0
2023-11-05,0.0
2023-11-06,1.0
2023-11-07,0.0
2023-11-08,0.0
2023-11-09,-1.0
2023-11-10,0.5
2023-11-11,0.0
2023-11-13,0.6666666666666666
2023-11-14,1.0
2023-11-16,0.0
2023-11-17,0.0
2023-11-18,0.0
2023-11-19,0.5
2023-11-21,0.0
2023-11-24,0.0
2023-11-25,-1.0
2023-11-26,0.0
2023-11-28,0.0
2023-11-30,0.3333333333333333
2023-12-01,-0.5
2023-12-02,0.0
2023-12-03,-1.0
2023-12-05,0.0
2023-12-06,1.0
2023-12-08,0.0
2023-12-09,0.5
2023-12-10,1.0
2023-12-11,-1.0
2023-12-13,1.0
2023-12-17,0.0
2023-12-19,0.0
2023-12-21,1.0
2023-12-22,0.0
2023-12-23,-1.0
2023-12-24,0.0
2023-12-27,-0.5
2023-12-28,1.0
2023-12-29,1.0
2024-01-01,0.0
2024-01-03,0.0
2024-01-04,0.0
2024-01-05,0.0
2024-01-07,0.5
2024-01-08,0.0
2024-01-09,-1.0
2024-01-10,0.3333333333333333
2024-01-12,1.0
2024-01-13,0.0
2024-01-16,0.0
2024-01-18,0.3333333333333333
2024-01-20,-1.0
2024-01-21,0.0
2024-01-22,1.0
2024-01-23,-1.0
2024-01-24,0.5
2024-01-25,1.0
2024-01-27,-1.0
2024-01-28,1.0
2024-01-29,0.0
2024-01-30,0.0
2024-01-31,-1.0
2024-02-02,0.0
2024-02-06,1.0
2024-02-07,0.0
2024-02-08,0.0
2024-02-11,0.0
2024-02-12,0.0
2024-02-13,0.0
2024-02-15,-1.0
2024-02-18,1.0
2024-02-19,0.0
2024-02-21,0.0
2024-02-23,0.5
2024-02-24,0.0
2024-02-25,0.0
2024-02-26,0.3333333333333333
2024-02-27,0.0
2024-02-28,0.25
2024-02-29,0.0
2024-03-01,0.0
2024-03-03,1.0
2024-03-04,0.0
2024-03-07,0.0
2024-03-08,0.0
2024-03-10,-0.5
2024-03-11,1.0
2024-03-14,0.3333333333333333
2024-03-15,0.0
2024-03-16,0.5
2024-03-17,0.0
2024-03-18,0.0
2024-03-19,0.0
2024-03-21,-1.0
2024-03-25,0.0
2024-03-29,0.0
2024-03-30,0.0
2024-04-02,0.0
2024-04-04,0.0
2024-04-05,0.5
2024-04-06,0.0
2024-04-07,0.0
2024-04-09,0.0
2024-04-17,0.5
2024-04-18,0.0
2024-04-19,0.0
2024-04-20,0.0
2024-04-22,0.0
2024-04-23,0.0
2024-04-26,0.3333333333333333
2024-04-27,0.0
2024-04-28,0.0
2024-04-29,0.5
2024-05-01,0.5
2024-05-03,0.0
2024-05-04,0.0
2024-05-05,0.0
2024-05-06,0.0
2024-05-07,0.0
2024-05-10,1.0
2024-05-12,0.0
2024-05-13,0.5
2024-05-16,1.0
2024-05-17,0.0
2024-05-23,-1.0
2024-05-24,0.3333333333333333
2024-05-26,0.0
2024-05-27,0.0
2024-05-28,0.0
2024-05-29,0.0
2024-05-30,0.0
2024-06-03,0.0
2024-06-04,-1.0
2024-06-05,0.0
2024-06-07,0.0
2024-06-08,0.0
2024-06-09,0.0
2024-06-12,0.0
2024-06-15,1.0
2024-06-16,0.0
2024-06-17,0.0
2024-06-18,0.0
2024-06-19,0.0
2024-06-20,0.0
2024-06-23,0.5
2024-06-24,0.0
2024-06-26,0.0
2024-06-27,0.5
2024-06-29,1.0
2024-06-30,-0.5
2024-07-03,-1.0
2024-07-04,-0.5
2024-07-06,0.0
2024-07-08,0.0
2024-07-12,1.0
2024-07-13,0.0
2024-07-14,0.0
2024-07-15,0.0
2024-07-16,0.0
2024-07-20,1.0
2024-07-22,1.0
2024-07-23,1.0
2024-07-24,1.0
2024-07-26,-0.5
2024-07-27,0.0
2024-07-30,0.0
2024-07-31,0.0
2024-08-01,0.0
2024-08-02,0.5
2024-08-08,0.0
2024-08-09,0.0
2024-08-10,0.0
2024-08-11,0.5
2024-08-13,1.0
2024-08-14,1.0
2024-08-15,0.6666666666666666
2024-08-18,0.0
2024-08-22,0.5
2024-08-24,1.0
2024-08-25,0.0
2024-08-26,0.0
2024-08-29,0.0
2024-08-31,-0.25
2024-09-01,0.2
2024-09-02,0.0
2024-09-03,-1.0
2024-09-04,0.0
2024-09-05,-1.0
2024-09-07,1.0
2024-09-08,0.0
2024-09-09,1.0
2024-09-10,-1.0
2024-09-11,1.0
2024-09-12,0.0
2024-09-14,0.5
2024-09-18,0.5
2024-09-20,0.0
2024-09-22,0.3333333333333333
2024-09-23,0.0
2024-09-24,0.5
2024-09-25,0.0
2024-09-26,-1.0
2024-09-27,0.0
2024-09-29,0.0
2024-09-30,0.0
2024-10-01,0.0
2024-10-02,-1.0
2024-10-06,0.0
2024-10-10,0.0
2024-10-11,1.0
2024-10-12,0.0
2024-10-13,0.0
2024-10-14,0.3333333333333333
2024-10-15,0.0
2024-10-18,0.0
2024-10-19,0.5
2024-10-20,1.0
2024-10-23,0.0
2024-10-24,1.0
2024-10-25,0.0
2024-10-26,0.0
2024-10-27,1.0
2024-10-28,0.5
2024-10-29,0.0
2024-10-31,0.0
2024-11-01,1.0
2024-11-03,0.5
2024-11-04,0.5
2024-11-05,1.0
2024-11-07,0.0
2024-11-08,0.0
2024-11-09,0.0
2024-11-12,1.0
2024-11-13,0.0
2024-11-14,-1.0
2024-11-15,0.0
2024-11-16,0.0
2024-11-17,0.5
2024-11-19,-0.25
2024-11-24,0.0
2024-11-25,0.0
2024-11-26,0.0
2024-11-27,0.0
2024-11-30,0.5
2024-12-01,0.0
2024-12-03,0.0
2024-12-05,0.0
2024-12-07,0.0
2024-12-09,0.0
2024-12-10,0.0
2024-12-11,0.0
2024-12-13,0.0
2024-12-17,1.0
2024-12-19,0.0
2024-12-20,1.0
2024-12-21,1.0
2024-12-22,1.0
2024-12-27,0.0
2024-12-29,0.0
2024-12-30,0.5
2024-12-31,0.5
2025-01-02,0.0
2025-01-07,-0.5
2025-01-08,1.0
2025-01-10,-1.0
2025-01-11,0.0
2025-01-12,0.0
2025-01-15,0.0
2025-01-16,0.0
2025-01-19,0.0
2025-01-20,0.0
2025-01-21,0.0
2025-01-22,0.0
2025-02-01,0.0
2025-02-04,0.6666666666666666
2025-02-06,0.5
2025-02-07,1.0
2025-02-08,1.0
2025-02-10,0.0
2025-02-11,0.0
2025-02-12,0.0
2025-02-15,-0.5
2025-02-17,0.0
2025-02-18,0.5
2025-02-19,0.0
2025-02-21,0.0
2025-02-22,-0.5
2025-02-23,0.0
2025-02-25,0.2
2025-02-26,0.0
2025-02-27,0.0
2025-02-28,0.0
2025-03-01,1.0
2025-03-03,0.3333333333333333
2025-03-07,0.0
2025-03-10,0.0
2025-03-11,0.0
2025-03-12,-1.0
2025-03-13,1.0
2025-03-15,0.0
2025-03-16,1.0
2025-03-18,0.0
2025-03-21,0.0
2025-03-22,-1.0
2025-03-23,-0.3333333333333333
2025-03-24,1.0
2025-03-25,0.0
2025-03-26,-1.0
2025-03-27,0.0
2025-03-28,0.0
2025-03-29,0.5
2025-03-30,0.5
2025-04-01,0.0
2025-04-02,-1.0
2025-04-03,-1.0
2025-04-04,1.0
2025-04-05,0.0
2025-04-06,-1.0
2025-04-07,0.0
2025-04-08,0.0
2025-04-09,0.0
2025-04-10,0.0
2025-04-11,-1.0
2025-04-12,0.0
2025-04-13,1.0
2025-04-14,0.0
2025-04-17,-1.0
2025-04-19,0.3333333333333333
2025-04-20,0.6666666666666666
2025-04-21,-0.3333333333333333
2025-04-22,0.0
2025-04-23,1.0
2025-04-25,0.0
2025-04-26,0.5
2025-04-27,0.0
2025-04-28,0.5
2025-04-30,1.0
2025-05-01,0.0
2025-05-02,0.0
2025-05-04,-0.5
2025-05-05,-0.5
2025-05-06,0.0
2025-05-07,0.0
2025-05-08,1.0
2025-05-10,1.0
2025-05-11,0.3333333333333333
2025-05-12,1.0
2025-05-13,0.0
2025-05-14,0.5
2025-05-15,0.0
2025-05-16,0.5
2025-05-17,0.0
2025-05-18,-0.3333333333333333
2025-05-19,0.0
2025-05-21,0.0
2025-05-23,0.3333333333333333
2025-05-24,0.0
2025-05-26,0.5
2025-05-29,0.0
2025-06-01,0.0
2025-06-02,0.0
2025-06-03,0.0
2025-06-05,-0.5
2025-06-06,0.0
2025-06-07,-1.0
2025-06-09,0.5
2025-06-10,0.0
2025-06-12,-0.5
2025-06-13,0.0
2025-06-15,1.0
2025-06-17,1.0
2025-06-18,0.0
2025-06-19,0.0
2025-06-20,0.0
2025-06-24,0.0
2025-06-28,0.6666666666666666
2025-06-30,0.5
2025-07-01,1.0
2025-07-03,1.0
2025-07-04,0.0
2025-07-05,0.0
2025-07-06,0.0
2025-07-07,-0.5
2025-07-08,0.0
2025-07-10,0.0
2025-07-12,1.0
2025-07-13,1.0
2025-07-14,0.0
2025-07-15,0.3333333333333333
2025-07-16,0.5
2025-07-17,-0.5
2025-07-18,0.6666666666666666
2025-07-19,0.5
2025-07-20,0.0
2025-07-21,0.0
2025-07-24,0.0
2025-07-27,0.5
2025-07-28,0.0
2025-07-30,0.0
2025-08-01,0.0
2025-08-02,1.0
2025-08-04,0.0
2025-08-07,0.0
2025-08-09,-1.0
2025-08-10,0.0
2025-08-11,-1.0
2025-08-12,0.0
2025-08-14,0.5
2025-08-15,0.0
2025-08-16,1.0
2025-08-17,0.0
2025-08-19,1.0
2025-08-21,1.0
2025-08-22,0.0
2025-08-24,0.5
2025-08-25,0.0
2025-08-26,-0.5
2025-08-28,0.0
2025-08-30,1.0
2025-09-01,0.0
2025-09-02,1.0
2025-09-03,0.5
2025-09-05,-0.5
2025-09-06,0.0
2025-09-08,0.5
2025-09-09,0.0
2025-09-10,0.0
2025-09-11,0.0
2025-09-13,1.0
2025-09-14,1.0
2025-09-18,0.0
2025-09-19,0.5
2025-09-20,0.0
2025-09-21,0.0
2025-09-23,0.0
2025-10-01,0.0
2025-10-02,-1.0
2025-10-04,0.0
2025-10-05,0.0
2025-10-06,0.5
2025-10-07,-1.0
2025-10-09,0.0
2025-10-10,0.0
2025-10-11,-0.5
2025-10-13,1.0
2025-10-15,-1.0
2025-10-16,0.0
2025-10-17,0.0
2025-10-19,0.6666666666666666
2025-10-20,0.0
2025-10-22,-1.0
2025-10-23,0.0
2025-10-26,1.0
2025-10-27,0.0
2025-10-28,0.0
2025-10-31,0.0
2025-11-03,1.0
2025-11-06,0.5
2025-11-09,0.5
2025-11-10,0.0
2025-11-12,0.5
2025-11-13,1.0
2025-11-14,0.0
2025-11-15,-1.0
2025-11-16,-0.5
2025-11-17,0.5
2025-11-19,0.0
2025-11-23,0.5
2025-11-24,0.0
2025-11-26,0.0
2025-11-27,0.0
2025-11-30,0.0
2025-12-01,0.0
2025-12-02,1.0
2025-12-03,0.0
2025-12-04,0.0
2025-12-05,1.0
2025-12-06,0.5
2025-12-08,0.0
2025-12-10,1.0
2025-12-11,0.5
2025-12-12,1.0
2025-12-13,0.0
2025-12-17,0.0
2025-12-18,0.2
2025-12-19,-1.0
2025-12-20,0.5
2025-12-21,0.0
2025-12-22,1.0
2025-12-23,0.0
2025-12-25,0.0
2025-12-27,-0.3333333333333333
2025-12-28,0.0
2025-12-29,0.0
2026-01-01,0.0
2026-01-02,0.0
2026-01-03,0.0
2026-01-04,0.0
2026-01-05,0.0
2026-01-10,0.0
2026-01-11,1.0
2026-01-13,1.0
2026-01-14,0.0
2026-01-19,0.0
2026-01-20,0.0
2026-01-22,1.0
2026-01-23,0.5
2026-01-28,0.0
2026-01-29,1.0
2026-01-30,0.0
2026-02-01,0.0
2026-02-02,0.0
2026-02-03,0.0
2026-02-06,1.0
2026-02-08,0.0
2026-02-10,0.0
2026-02-13,1.0
2026-02-15,1.0
2026-02-16,1.0
2026-02-17,1.0
2026-02-18,0.0
2026-02-19,0.5
2026-02-21,0.0
2026-02-22,0.5
2026-02-23,1.0
2026-02-26,-0.6666666666666666
2026-03-01,1.0
2026-03-02,0.0
2026-03-03,0.3333333333333333
2026-03-09,-1.0
2026-03-11,-0.5
2026-03-12,0.0
2026-03-14,0.0
2026-03-16,0.0
2026-03-18,0.0
2026-03-19,0.3333333333333333
2026-03-21,0.0
2026-03-24,0.75
2026-03-25,0.0
2026-03-26,0.0
2026-03-27,0.0
2026-03-28,1.0
2026-03-29,0.3333333333333333
2026-03-31,0.0
2026-04-02,0.0
2026-04-04,0.0
2026-04-05,0.0
2026-04-11,0.5
2026-04-12,0.0
2026-04-13,1.0
2026-04-14,0.0
2026-04-15,0.0
2026-04-19,0.0
2026-04-20,-0.5
2026-04-21,-0.6666666666666666
2026-04-29,0.0
2026-05-01,0.0
2026-05-02,0.0
2026-05-03,-1.0
2026-05-04,0.3333333333333333
2026-05-05,0.0
2026-05-06,0.0
2026-05-07,0.0
2026-05-11,0.0
2026-05-12,0.0
2026-05-13,0.25
2026-05-14,0.0
2026-05-15,0.0
2026-05-16,1.0
2026-05-20,0.5
2026-05-22,0.0
2026-05-23,0.0
2026-05-26,0.0
2026-05-27,0.0
2026-05-28,1.0
2026-05-29,0.0
2026-05-30,1.0
2026-05-31,1.0
2026-06-01,-1.0
2026-06-03,0.3333333333333333
2026-06-04,-1.0
2026-06-05,0.3333333333333333
2026-06-07,0.0
2026-06-08,0.0
2026-06-09,-1.0
2026-06-10,1.0
2026-06-11,0.0
2026-06-12,0.0
2026-06-13,0.0
2026-06-15,1.0
2026-06-19,0.0
2026-06-20,-1.0
2026-06-21,0.0
2026-06-26,0.0
2026-06-27,0.0
2026-06-28,0.0
2026-06-29,0.5
2026-06-30,0.3333333333333333
2026-07-02,0.0
2026-07-03,0.0
2026-07-06,0.0
2026-07-07,0.0
2026-07-08,0.5
2026-07-09,1.0
2026-07-11,-0.5
2026-07-12,0.0
2026-07-16,-0.25
2026-07-17,0.0
2026-07-18,1.0
2026-07-19,1.0
2026-07-21,0.0
2026-07-22,-0.5
2026-07-23,0.0
2026-07-24,0.0
2026-07-25,1.0
2026-07-26,-1.0
2026-07-27,0.0
2026-07-28,0.0
2026-07-29,-1.0
2026-07-30,1.0
2026-07-31,0.0
2026-08-01,1.0
2026-08-02,0.0
2026-08-03,-1.0
2026-08-04,0.0
2026-08-05,0.5
2026-08-06,-1.0
2026-08-10,0.0
2026-08-11,0.0
2026-08-12,0.0
2026-08-13,-0.5
2026-08-14,1.0
2026-08-16,1.0
2026-08-17,0.0
2026-08-20,-1.0
2026-08-24,0.0
2026-08-25,1.0
2026-08-27,0.0
2026-08-28,0.0
2026-08-29,0.0
2026-08-31,0.0
2026-09-02,-0.3333333333333333
2026-09-03,-1.0
2026-09-04,0.0
2026-09-05,-0.5
2026-09-06,0.0
2026-09-09,0.0
2026-09-10,-1.0
2026-09-11,1.0
2026-09-12,0.6666666666666666
2026-09-13,-1.0
2026-09-14,0.0
2026-09-15,0.0
2026-09-16,0.0
2026-09-23,-1.0
2026-09-24,-1.0
2026-09-25,0.25
2026-09-27,0.0
2026-09-28,-1.0
2026-09-29,0.0
2026-10-01,1.0
2026-10-02,0.0
2026-10-04,0.0
2026-10-05,0.0
2026-10-06,1.0
2026-10-08,0.0
2026-10-09,0.0
2026-10-11,0.0
2026-10-12,0.5
2026-10-13,0.0
2026-10-14,-0.5
2026-10-15,0.0
2026-10-16,0.5
2026-10-18,1.0
2026-10-20,-1.0
2026-10-21,0.0
2026-10-22,0.0
2026-10-25,0.0
2026-10-27,0.5
2026-10-28,1.0
2026-10-29,0.0
2026-10-30,0.6666666666666666
2026-11-01,0.0
2026-11-02,0.0
2026-11-03,0.0
2026-11-04,1.0
2026-11-06,0.0
2026-11-07,-1.0
2026-11-11,0.0
2026-11-12,1.0
2026-11-13,1.0
2026-11-15,0.5
2026-11-16,1.0
2026-11-17,0.0
2026-11-18,0.0
2026-11-19,1.0
2026-11-21,0.0
2026-11-22,1.0
2026-11-23,0.5
2026-11-24,-0.5
2026-11-25,0.0
2026-11-26,1.0
2026-11-28,0.5
2026-12-01,0.0
2026-12-02,0.0
2026-12-04,0.0
2026-12-05,0.0
2026-12-06,-1.0
2026-12-08,0.0
2026-12-12,0.0
2026-12-13,0.0
2026-12-16,0.0
2026-12-17,1.0
2026-12-18,0.0
2026-12-21,0.0
2026-12-24,-0.3333333333333333
2026-12-25,0.0
2026-12-28,1.0
2026-12-29,0.5
2026-12-30,0.5
2027-01-01,-0.5
2027-01-02,0.0
2027-01-03,0.0
2027-01-04,0.5
2027-01-05,0.0
2027-01-06,0.0
2027-01-08,0.0
2027-01-09,0.0
2027-01-11,0.0
2027-01-12,1.0
2027-01-13,1.0
2027-01-15,1.0
2027-01-16,0.5
2027-01-18,0.0
2027-01-20,0.5
2027-01-21,0.0
2027-01-23,-1.0
2027-01-24,-1.0
2027-01-25,-1.0
2027-01-28,0.0
2027-01-30,0.0
2027-02-02,0.5
2027-02-03,0.0
2027-02-05,0.5
2027-02-06,-0.4
2027-02-09,0.0
2027-02-12,0.0
2027-02-13,0.0
2027-02-15,0.4
2027-02-16,1.0
2027-02-17,1.0
2027-02-21,0.0
2027-02-22,0.5
2027-02-23,0.0
2027-02-24,1.0
2027-02-25,1.0
2027-02-26,-0.5
2027-02-27,0.0
2027-02-28,0.0
2027-03-01,1.0
2027-03-02,0.0
2027-03-04,1.0
2027-03-05,0.5
2027-03-06,0.0
2027-03-08,-1.0
2027-03-09,0.5
2027-03-12,1.0
2027-03-15,-1.0
2027-03-16,0.3333333333333333
2027-03-20,0.0
2027-03-22,0.0
2027-03-23,0.0
2027-03-24,0.0
2027-03-25,0.25
2027-03-26,0.0
2027-03-28,1.0
2027-03-29,-1.0
2027-04-01,0.0
2027-04-02,0.0
2027-04-03,0.0
2027-04-05,0.0
2027-04-06,0.0
2027-04-07,1.0
2027-04-08,0.0
2027-04-09,0.5
2027-04-11,0.5
2027-04-12,0.0
2027-04-14,0.5
2027-04-15,0.0
2027-04-16,0.0
2027-04-17,0.0
2027-04-18,-0.5
2027-04-19,0.0
2027-04-20,-0.5
2027-04-23,0.0
2027-04-24,1.0
2027-04-25,1.0
2027-04-26,1.0
2027-04-28,1.0
2027-04-29,-0.5
2027-04-30,0.5
2027-05-01,1.0
2027-05-03,0.0
2027-05-04,0.0
2027-05-05,0.0
2027-05-06,-1.0
2027-05-07,0.0
2027-05-10,1.0
2027-05-11,1.0
2027-05-13,0.5
2027-05-14,1.0
2027-05-16,0.0
2027-05-20,1.0
2027-05-21,0.0
2027-05-22,0.0
2027-05-23,0.3333333333333333
2027-05-24,1.0
2027-05-26,0.5
2027-05-27,0.3333333333333333
2027-05-29,0.6666666666666666
2027-05-30,1.0
2027-05-31,0.3333333333333333
2027-06-01,0.0
2027-06-04,0.5
2027-06-05,0.0
2027-06-08,-0.5
2027-06-09,-0.5
2027-06-11,-1.0
2027-06-14,0.0
2027-06-15,-1.0
2027-06-16,1.0
2027-06-18,0.0
2027-06-19,-1.0
2027-06-20,0.0
2027-06-21,0.0
2027-06-22,0.0
2027-06-23,0.5
2027-06-24,1.0
2027-06-26,1.0
2027-06-27,0.0
2027-06-28,0.3333333333333333
2027-06-29,0.0
2027-06-30,1.0
2027-07-01,0.0
2027-07-02,0.0
2027-07-04,0.3333333333333333
2027-07-05,-0.5
2027-07-06,-1.0
2027-07-08,0.0
2027-07-09,-0.25
2027-07-10,-0.5
2027-07-12,0.0
2027-07-13,-1.0
2027-07-14,0.5
2027-07-16,0.25
2027-07-17,0.0
2027-07-18,1.0
2027-07-20,1.0
2027-07-22,0.0
2027-07-23,0.5
2027-07-25,0.0
2027-07-26,1.0
2027-07-27,0.0
2027-07-29,0.0
2027-07-30,0.5
2027-08-01,0.0
2027-08-05,0.0
2027-08-06,0.5
2027-08-07,0.6666666666666666
2027-08-09,0.0
2027-08-10,0.0
2027-08-12,0.0
2027-08-13,0.0
2027-08-14,-1.0
2027-08-15,0.0
2027-08-16,0.0
2027-08-17,0.0
2027-08-20,0.0
2027-08-21,0.0
2027-08-22,0.0
2027-08-23,0.0
2027-08-24,0.0
2027-08-25,0.0
2027-08-28,1.0
2027-08-31,0.0
2027-09-03,0.0
2027-09-06,1.0
2027-09-08,1.0
2027-09-09,1.0
2027-09-10,0.0
2027-09-11,0.0
2027-09-13,0.0
2027-09-14,-1.0
2027-09-17,1.0
2027-09-20,1.0
2027-09-22,0.0
2027-09-23,0.0
2027-09-25,1.0
2027-09-26,0.0
2027-09-27,0.0
2027-09-28,0.6666666666666666
2027-10-02,-1.0
2027-10-03,0.0
2027-10-09,0.0
2027-10-11,0.0
2027-10-16,0.0
2027-10-17,-1.0
2027-10-19,-1.0
2027-10-20,0.0
2027-10-22,0.0
2027-10-25,0.0
2027-10-26,0.0
2027-10-28,0.5
2027-10-31,0.0
2027-11-01,1.0
2027-11-02,0.0
2027-11-04,1.0
2027-11-05,0.0
2027-11-06,0.0
2027-11-09,1.0
2027-11-10,0.0
2027-11-11,-0.5
2027-11-13,0.5
2027-11-15,0.0
2027-11-16,1.0
2027-11-17,0.0
2027-11-18,0.0
2027-11-21,0.0
2027-11-22,0.0
2027-11-23,0.3333333333333333
2027-11-25,-0.5
2027-11-26,1.0
2027-11-28,0.5
2027-11-29,-0.3333333333333333
2027-11-30,-0.3333333333333333
2027-12-01,0.0
2027-12-03,0.5
2027-12-04,1.0
2027-12-05,1.0
2027-12-07,0.0
2027-12-09,0.5
2027-12-11,1.0
2027-12-12,-0.5
2027-12-13,0.0
2027-12-16,0.0
2027-12-17,1.0
2027-12-19,0.0
2027-12-20,0.0
2027-12-23,0.0
2027-12-24,0.5
2027-12-30,0.0
2028-01-03,0.0
2028-01-04,0.0
2028-01-05,0.3333333333333333
2028-01-06,0.0
2028-01-07,0.5
2028-01-08,0.0
2028-01-09,0.0
2028-01-11,1.0
2028-01-12,1.0
2028-01-13,0.6666666666666666
2028-01-15,0.5
2028-01-16,-0.5
2028-01-17,0.0
2028-01-18,0.6666666666666666
2028-01-20,0.0
2028-01-22,0.0
2028-01-23,0.5
2028-01-24,-1.0
2028-01-25,0.0
2028-01-27,0.0
2028-01-28,0.0
2028-01-29,0.0
2028-01-31,1.0
2028-02-02,0.0
2028-02-03,0.0
2028-02-05,0.0
2028-02-06,0.0
2028-02-07,-0.5
2028-02-09,0.5
2028-02-10,0.0
2028-02-11,0.5
2028-02-12,0.0
2028-02-14,0.0
2028-02-15,0.5
2028-02-16,0.0
2028-02-17,0.0
2028-02-18,0.5
2028-02-19,0.5
2028-02-23,0.0
2028-02-24,0.0
2028-02-26,0.0
2028-02-29,0.0
2028-03-01,0.0
2028-03-02,1.0
2028-03-03,0.5
2028-03-04,0.0
2028-03-05,1.0
2028-03-06,1.0
2028-03-07,1.0
2028-03-08,0.3333333333333333
2028-03-10,1.0
2028-03-12,0.0
2028-03-18,1.0
2028-03-22,-1.0
2028-03-23,0.0
2028-03-25,0.0
2028-03-26,0.0
2028-03-28,0.0
2028-03-29,0.0
2028-03-30,0.0
2028-03-31,1.0
2028-04-02,-1.0
2028-04-04,0.0
2028-04-05,0.0
2028-04-06,1.0
2028-04-07,1.0
2028-04-08,-1.0
2028-04-09,0.0
2028-04-10,1.0
2028-04-11,0.0
2028-04-12,-1.0
2028-04-15,0.0
2028-04-17,0.0
2028-04-19,0.0
2028-04-21,1.0
2028-04-23,0.0
2028-04-25,0.0
2028-04-26,1.0
2028-04-27,-1.0
2028-04-29,0.5
2028-04-30,0.0
2028-05-01,0.0
2028-05-02,0.0
2028-05-04,0.0
2028-05-05,1.0
2028-05-07,0.0
2028-05-08,0.0
2028-05-09,0.0
2028-05-10,0.0
2028-05-11,1.0
2028-05-16,0.0
2028-05-17,0.0
2028-05-19,1.0
2028-05-21,0.5
2028-05-22,1.0
2028-05-25,1.0
2028-05-26,-1.0
2028-05-27,0.0
2028-05-28,1.0
2028-05-29,-1.0
2028-05-30,0.0
2028-05-31,0.0
2028-06-06,0.4
2028-06-07,0.0
2028-06-09,1.0
2028-06-10,0.0
2028-06-12,0.0
2028-06-16,1.0
2028-06-17,0.0
2028-06-20,0.3333333333333333
2028-06-22,-1.0
2028-06-23,1.0
2028-06-25,-0.3333333333333333
2028-06-26,1.0
2028-06-27,0.0
2028-06-28,0.0
2028-07-03,-0.5
2028-07-07,0.0
2028-07-08,0.0
2028-07-10,1.0
2028-07-14,0.3333333333333333
2028-07-15,0.0
2028-07-18,1.0
2028-07-19,0.5
2028-07-20,0.0
2028-07-21,0.0
2028-07-22,-0.5
2028-07-24,0.0
2028-07-26,0.0
2028-07-28,0.0
2028-07-29,1.0
2028-07-30,1.0
2028-07-31,1.0
2028-08-01,0.0
2028-08-04,1.0
2028-08-05,1.0
2028-08-06,-1.0
2028-08-07,0.0
2028-08-09,0.0
2028-08-10,1.0
2028-08-12,0.0
2028-08-13,0.0
2028-08-15,0.0
2028-08-16,-0.5
2028-08-17,1.0
2028-08-19,0.0
2028-08-20,1.0
2028-08-21,1.0
2028-08-26,0.0
2028-08-27,0.0
2028-08-28,0.0
2028-08-29,1.0
2028-08-30,0.0
2028-08-31,0.0
2028-09-01,0.0
2028-09-03,1.0
2028-09-05,1.0
2028-09-07,-1.0
2028-09-08,0.0
2028-09-09,-0.5
2028-09-10,0.0
2028-09-13,0.0
2028-09-14,-1.0
2028-09-16,-0.5
2028-09-17,1.0
2028-09-19,0.0
2028-09-20,1.0
2028-09-22,0.0
2028-09-24,1.0
2028-09-25,-1.0
2028-09-29,0.0
2028-10-01,0.0
2028-10-02,0.0
2028-10-03,0.5
2028-10-04,0.0
2028-10-05,0.0
2028-10-08,-0.5
2028-10-11,-1.0
2028-10-12,0.0
2028-10-14,1.0
2028-10-15,1.0
2028-10-16,0.0
2028-10-17,0.5
2028-10-18,0.0
2028-10-19,0.0
2028-10-21,1.0
2028-10-22,0.0
2028-10-23,0.0
2028-10-24,0.0
2028-10-26,0.0
2028-11-04,0.5
2028-11-05,1.0
2028-11-06,1.0
2028-11-10,0.3333333333333333
2028-11-11,0.0
2028-11-12,-0.5
2028-11-13,0.0
2028-11-14,0.0
2028-11-15,0.0
2028-11-17,1.0
2028-11-18,0.0
2028-11-19,0.0
2028-11-21,0.0
2028-11-22,1.0
2028-11-23,1.0
2028-11-28,0.5
2028-11-30,-1.0
2028-12-01,1.0
2028-12-03,1.0
2028-12-04,1.0
2028-12-05,0.5
2028-12-06,0.0
2028-12-07,0.3333333333333333
2028-12-08,0.0
2028-12-10,-1.0
2028-12-11,1.0
2028-12-12,1.0
2028-12-17,-1.0
2028-12-18,0.5
2028-12-19,1.0
2028-12-20,1.0
2028-12-21,-1.0
2028-12-27,-0.3333333333333333
2028-12-28,0.5
2028-12-29,0.0
2029-01-01,0.5
2029-01-04,0.0
2029-01-10,0.0
2029-01-11,0.5
2029-01-12,-0.5
2029-01-13,0.0
2029-01-14,0.0
2029-01-15,0.0
2029-01-16,0.0
2029-01-17,0.0
2029-01-18,-0.3333333333333333
2029-01-19,0.5
2029-01-21,0.0
2029-01-23,0.0
2029-01-25,1.0
2029-01-26,0.6666666666666666
2029-01-27,0.0
2029-01-29,-0.5
2029-01-31,0.0
2029-02-02,-0.5
2029-02-05,0.0
2029-02-09,1.0
2029-02-11,0.0
2029-02-13,-1.0
2029-02-14,0.0
2029-02-15,0.0
2029-02-16,0.0
2029-02-17,0.75
2029-02-18,0.0
2029-02-19,0.5
2029-02-20,0.0
2029-02-22,0.3333333333333333
2029-02-23,0.0
2029-02-24,0.0
2029-02-28,0.0
2029-03-01,0.0
2029-03-03,0.0
2029-03-04,0.0
2029-03-06,0.0
2029-03-07,0.0
2029-03-09,1.0
2029-03-10,0.5
2029-03-13,0.0
2029-03-14,0.0
2029-03-15,0.0
2029-03-16,1.0
2029-03-18,0.3333333333333333
2029-03-20,0.0
2029-03-24,0.0
2029-03-25,1.0
2029-03-26,0.0
2029-03-28,0.0
2029-03-30,0.0
2029-04-01,0.3333333333333333
2029-04-03,0.0
2029-04-04,0.0
2029-04-05,0.0
2029-04-06,0.3333333333333333
2029-04-07,0.0
2029-04-08,-0.3333333333333333
2029-04-09,0.3333333333333333
2029-04-11,-1.0
2029-04-12,0.0
2029-04-13,1.0
2029-04-14,1.0
2029-04-15,0.5
2029-04-16,0.0
2029-04-17,0.0
2029-04-18,0.0
2029-04-19,0.0
2029-04-20,0.0
2029-04-22,1.0
2029-04-23,0.0
2029-04-25,-0.75
2029-04-26,1.0
2029-04-27,1.0
2029-04-28,-1.0
2029-04-29,0.0
2029-04-30,1.0
2029-05-02,0.0
2029-05-03,-1.0
2029-05-05,-1.0
2029-05-06,1.0
2029-05-08,0.5
2029-05-09,0.0
2029-05-10,-0.5
2029-05-12,0.0
2029-05-13,0.0
2029-05-16,1.0
2029-05-17,0.0
2029-05-20,-0.5
2029-05-21,1.0
2029-05-22,0.0
2029-05-23,0.25
2029-05-24,0.5
2029-05-25,0.3333333333333333
2029-05-28,0.6666666666666666
2029-05-29,1.0
2029-06-01,0.0
2029-06-02,0.0
2029-06-03,0.0
2029-06-05,0.5
2029-06-06,0.5
2029-06-09,1.0
2029-06-11,1.0
2029-06-14,0.0
2029-06-15,0.0
2029-06-16,-0.5
2029-06-17,0.0
2029-06-18,0.0
2029-06-19,1.0
2029-06-20,-1.0
2029-06-21,0.0
2029-06-23,1.0
2029-06-24,0.3333333333333333
2029-06-25,-0.5
2029-06-29,0.3333333333333333
2029-06-30,0.5
2029-07-02,0.0
2029-07-03,0.5
2029-07-04,0.5
2029-07-05,0.5
2029-07-07,0.0
2029-07-09,0.0
2029-07-10,0.0
2029-07-12,0.0
2029-07-13,0.0
2029-07-14,0.0
2029-07-20,0.0
2029-07-21,0.0
2029-07-22,0.5
2029-07-23,0.0
2029-07-24,0.0
2029-07-25,-0.5
2029-07-26,0.0
2029-07-27,0.0
2029-07-28,0.0
2029-07-29,0.0
2029-07-30,1.0
2029-07-31,0.6666666666666666
2029-08-01,0.0
2029-08-02,0.0
2029-08-03,0.0
2029-08-06,-0.25
2029-08-08,0.0
2029-08-09,0.0
2029-08-11,-0.3333333333333333
2029-08-12,0.5
2029-08-13,1.0
2029-08-14,0.3333333333333333
2029-08-16,0.5
2029-08-17,1.0
2029-08-19,0.0
2029-08-20,0.5
2029-08-21,0.0
2029-08-22,0.5
2029-08-23,0.3333333333333333
2029-08-26,-1.0
2029-08-27,0.0
2029-08-29,0.0
2029-08-30,0.0
2029-09-02,1.0
2029-09-04,-0.5
2029-09-05,-1.0
2029-09-07,0.5
2029-09-08,0.0
2029-09-13,-0.5
2029-09-17,0.5
2029-09-20,0.5
2029-09-23,0.0
2029-09-24,0.0
2029-09-29,0.0
2029-09-30,0.5
2029-10-01,0.0
2029-10-02,0.0
2029-10-03,0.0
2029-10-04,0.0
2029-10-05,-0.3333333333333333
2029-10-06,-0.5
2029-10-07,0.0
2029-10-10,0.0
2029-10-12,-0.6666666666666666
2029-10-13,0.0
2029-10-14,0.0
2029-10-15,-1.0
2029-10-20,-1.0
2029-10-21,0.0
2029-10-22,1.0
2029-10-23,1.0
2029-10-24,0.3333333333333333
2029-10-27,0.0
2029-10-28,0.5
2029-10-29,-0.3333333333333333
2029-10-30,0.0
2029-10-31,-0.5
2029-11-01,1.0
2029-11-02,-0.5
2029-11-05,1.0
2029-11-06,0.5
2029-11-07,-1.0
2029-11-09,0.0
2029-11-11,0.0
2029-11-14,1.0
2029-11-17,0.5
2029-11-18,0.3333333333333333
2029-11-19,0.0
2029-11-20,1.0
2029-11-21,0.5
2029-11-25,0.0
2029-11-26,1.0
2029-11-28,0.0
2029-11-29,1.0
2029-12-01,1.0
2029-12-02,0.0
2029-12-03,0.0
2029-12-04,-0.5
2029-12-05,1.0
2029-12-07,-1.0
2029-12-09,0.0
2029-12-10,1.0
2029-12-11,0.0
2029-12-13,0.0
2029-12-14,0.0
2029-12-16,1.0
2029-12-18,0.5
2029-12-19,0.0
2029-12-21,0.0
2029-12-22,0.5
2029-12-23,1.0
2029-12-25,0.3333333333333333
2029-12-26,0.0
2029-12-27,0.0
2029-12-28,-1.0
2029-12-30,1.0
2029-12-31,0.0
2030-01-02,-1.0
2030-01-03,0.0
2030-01-05,1.0
2030-01-06,1.0
2030-01-07,-0.25
2030-01-08,-0.5
2030-01-09,0.0
2030-01-10,0.0
2030-01-12,0.0
2030-01-14,0.0
2030-01-19,-1.0
2030-01-20,0.0
2030-01-21,0.0
2030-01-22,1.0
2030-01-24,-0.5
2030-01-25,0.0
2030-01-30,0.0
2030-02-01,0.0
2030-02-02,0.3333333333333333
2030-02-03,0.0
2030-02-04,0.5
2030-02-05,-1.0
2030-02-06,0.0
2030-02-07,-1.0
2030-02-08,0.0
2030-02-10,0.0
2030-02-11,-1.0
2030-02-13,1.0
2030-02-14,0.3333333333333333
2030-02-16,1.0
2030-02-17,0.0
2030-02-18,0.5
2030-02-19,0.5
2030-02-21,0.0
2030-02-23,1.0
2030-02-24,1.0
2030-02-26,0.0
2030-02-27,-0.3333333333333333
2030-03-03,1.0
2030-03-04,0.0
2030-03-06,-1.0
2030-03-07,1.0
2030-03-09,0.3333333333333333
2030-03-10,0.0
2030-03-13,0.5
2030-03-14,0.0
2030-03-15,0.5
2030-03-16,1.0
2030-03-17,0.3333333333333333
2030-03-19,0.0
2030-03-20,0.0
2030-03-21,0.0
2030-03-22,1.0
2030-03-24,0.0
2030-03-25,1.0
2030-03-26,-0.3333333333333333
2030-03-27,1.0
2030-03-29,0.0
2030-03-30,0.0
2030-04-01,0.0
2030-04-02,0.0
2030-04-03,1.0
2030-04-05,0.0
2030-04-06,0.5
2030-04-07,0.0
2030-04-10,-1.0
2030-04-11,1.0
2030-04-12,0.0
2030-04-13,0.0
2030-04-15,0.0
2030-04-16,0.3333333333333333
2030-04-17,0.0
2030-04-18,0.0
2030-04-22,0.0
2030-04-24,0.0
2030-04-26,0.0
2030-04-27,0.0
2030-04-28,-1.0
2030-04-29,0.0
2030-04-30,0.0
2030-05-01,0.5
2030-05-02,0.0
2030-05-03,-1.0
2030-05-05,0.6
2030-05-06,0.0
2030-05-07,0.6666666666666666
2030-05-08,0.0
2030-05-10,-0.3333333333333333
2030-05-13,0.5
2030-05-14,0.0
2030-05-16,-1.0
2030-05-17,1.0
2030-05-18,-1.0
2030-05-21,1.0
2030-05-22,0.0
2030-05-24,0.5
2030-05-26,-0.5
2030-05-28,0.0
2030-05-29,0.0
2030-06-01,0.0
2030-06-02,1.0
2030-06-03,0.0
2030-06-04,1.0
2030-06-07,0.0
2030-06-09,1.0
2030-06-11,0.0
2030-06-12,-1.0
2030-06-13,-0.5
2030-06-16,0.0
2030-06-19,0.5
2030-06-20,0.0
2030-06-21,-0.5
2030-06-22,0.5
2030-06-24,0.5
2030-06-25,0.5
2030-06-27,-0.6666666666666666
2030-06-28,0.0
2030-06-29,0.0
2030-06-30,-1.0
2030-07-02,0.0
2030-07-03,1.0
2030-07-08,0.0
2030-07-09,-1.0
2030-07-10,0.5
2030-07-11,0.0
2030-07-14,0.0
2030-07-15,1.0
2030-07-16,0.0
2030-07-17,1.0
2030-07-19,1.0
2030-07-21,0.0
2030-07-22,-0.5
2030-07-23,0.0
2030-07-24,0.5
2030-07-25,1.0
2030-07-26,0.0
2030-07-27,1.0
2030-07-28,-1.0
2030-07-29,0.0
2030-07-30,0.0
2030-07-31,1.0
2030-08-02,0.0
2030-08-03,0.5
2030-08-05,0.0
2030-08-07,1.0
2030-08-08,1.0
2030-08-10,1.0
2030-08-11,0.0
2030-08-12,0.0
2030-08-13,1.0
2030-08-14,-1.0
2030-08-15,0.0
2030-08-18,0.0
2030-08-19,0.0
2030-08-20,0.0
2030-08-21,0.5
2030-08-22,0.0
2030-08-25,0.0
2030-08-26,0.3333333333333333
2030-08-28,0.0
2030-08-29,-0.3333333333333333
2030-08-30,1.0
2030-08-31,0.0
2030-09-02,0.0
2030-09-03,0.0
2030-09-04,0.0
2030-09-06,0.0
2030-09-07,-1.0
2030-09-08,0.0
2030-09-09,0.0
2030-09-11,0.0
2030-09-13,1.0
2030-09-14,0.0
2030-09-15,0.0
2030-09-16,-1.0
2030-09-17,0.0
2030-09-18,0.3333333333333333
2030-09-20,-1.0
2030-09-21,0.0
2030-09-22,-0.5
2030-09-25,0.0
2030-09-27,-1.0
2030-09-29,1.0
2030-09-30,1.0
2030-10-01,0.5
2030-10-03,0.0
2030-10-04,0.0
2030-10-05,0.0
2030-10-06,1.0
2030-10-07,0.0
2030-10-08,0.0
2030-10-09,0.0
2030-10-13,0.3333333333333333
2030-10-14,0.0
2030-10-15,0.0
2030-10-16,0.0
2030-10-17,-0.3333333333333333
2030-10-18,0.0
2030-10-19,0.0
2030-10-22,0.0
2030-10-23,1.0
2030-10-25,1.0
2030-10-26,0.0
2030-10-27,0.0
2030-10-28,0.0
2030-10-30,0.0
2030-11-01,1.0
2030-11-02,0.5
2030-11-04,-1.0
2030-11-05,0.0
2030-11-06,0.0
2030-11-07,1.0
2030-11-08,0.0
2030-11-11,1.0
2030-11-13,-0.5
2030-11-14,0.0
2030-11-16,0.3333333333333333
2030-11-17,0.0
2030-11-18,1.0
2030-11-22,-1.0
2030-11-23,0.0
2030-11-25,0.0
2030-11-26,0.0
2030-11-27,0.0
2030-11-28,1.0
2030-11-29,1.0
2030-11-30,-0.4
2030-12-01,0.0
2030-12-02,-1.0
2030-12-03,-0.5
2030-12-04,1.0
2030-12-08,0.0
2030-12-09,0.0
2030-12-10,0.5
2030-12-11,1.0
2030-12-14,1.0
2030-12-15,0.5
2030-12-16,0.5
2030-12-17,0.0
2030-12-18,0.0
2030-12-19,-0.5
2030-12-20,0.0
2030-12-21,1.0
2030-12-22,1.0
2030-12-23,0.0
2030-12-25,-1.0
2030-12-26,0.0
2030-12-27,0.6
2030-12-28,0.5
2030-12-29,0.0
2030-12-31,0.5
2031-01-03,0.3333333333333333
2031-01-04,0.0
2031-01-05,-1.0
2031-01-06,1.0
2031-01-08,1.0
2031-01-09,0.0
2031-01-10,1.0
2031-01-11,0.0
2031-01-12,0.0
2031-01-13,0.0
2031-01-14,0.6666666666666666
2031-01-15,0.0
2031-01-17,0.0
2031-01-18,1.0
2031-01-19,0.0
2031-01-20,1.0
2031-01-22,0.3333333333333333
2031-01-23,0.0
2031-01-24,0.0
2031-01-26,0.0
2031-01-27,0.75
2031-01-29,1.0
2031-01-30,1.0
2031-01-31,0.0
2031-02-02,0.0
2031-02-03,0.0
2031-02-04,-0.5
2031-02-06,0.3333333333333333
2031-02-07,0.0
2031-02-09,1.0
2031-02-10,0.0
2031-02-12,-1.0
2031-02-13,0.5
2031-02-14,0.0
2031-02-15,0.0
2031-02-16,1.0
2031-02-17,1.0
2031-02-21,0.6666666666666666
2031-02-22,0.0
2031-02-24,0.0
2031-02-25,0.0
2031-02-26,0.6
2031-02-28,1.0
2031-03-03,0.0
2031-03-05,0.0
2031-03-07,0.0
2031-03-08,1.0
2031-03-09,0.0
2031-03-11,1.0
2031-03-12,0.0
2031-03-14,-0.5
2031-03-17,0.0
2031-03-19,1.0
2031-03-20,0.0
2031-03-22,1.0
2031-03-23,0.0
2031-03-27,1.0
2031-03-28,0.0
2031-03-29,0.0
2031-03-30,0.0
2031-03-31,0.0
2031-04-01,0.5
2031-04-02,0.0
2031-04-03,0.0
2031-04-05,0.0
2031-04-06,0.5
2031-04-07,0.0
2031-04-09,-0.5
2031-04-11,0.0
2031-04-12,0.0
2031-04-13,0.0
2031-04-14,0.0
2031-04-15,0.0
2031-04-16,0.0
2031-04-17,1.0
2031-04-18,0.0
2031-04-19,0.0
2031-04-20,0.3333333333333333
2031-04-21,0.0
2031-04-22,1.0
2031-04-23,1.0
2031-04-25,1.0
2031-04-26,-1.0
2031-04-29,0.0
2031-05-01,0.0
2031-05-02,0.5
2031-05-03,1.0
2031-05-05,0.0
2031-05-07,0.0
2031-05-09,1.0
2031-05-11,0.0
2031-05-12,0.0
2031-05-14,-0.3333333333333333
2031-05-16,0.0
2031-05-17,0.0
2031-05-18,-0.3333333333333333
2031-05-19,1.0
2031-05-20,0.0
2031-05-21,-1.0
2031-05-22,0.0
2031-05-23,0.0
2031-05-27,0.0
2031-05-28,0.3333333333333333
2031-05-29,1.0
2031-06-02,0.0
2031-06-03,0.0
2031-06-04,-1.0
2031-06-06,1.0
2031-06-11,0.0
2031-06-12,1.0
2031-06-13,0.0
2031-06-15,0.0
2031-06-16,0.0
2031-06-20,1.0
2031-06-21,-1.0
2031-06-22,0.5
2031-06-23,1.0
2031-06-24,0.0
2031-06-25,-1.0
2031-06-27,0.0
2031-06-28,0.0
2031-06-30,0.0
2031-07-01,0.0
2031-07-02,0.0
2031-07-03,0.5
2031-07-04,0.6666666666666666
2031-07-06,1.0
2031-07-09,0.0
2031-07-10,1.0
2031-07-12,0.0
2031-07-14,0.0
2031-07-15,0.0
2031-07-17,0.0
2031-07-18,0.0
2031-07-19,0.0
2031-07-20,-0.5
2031-07-23,0.0
2031-07-26,0.5
2031-07-27,0.0
2031-07-28,0.0
2031-07-30,0.5
2031-07-31,0.0
2031-08-01,0.0
2031-08-02,0.0
2031-08-03,0.5
2031-08-05,1.0
2031-08-06,-0.5
2031-08-08,0.3333333333333333
2031-08-09,0.0
2031-08-13,0.5
2031-08-14,0.5
2031-08-15,1.0
2031-08-16,0.5
2031-08-18,0.5
2031-08-22,0.0
2031-08-25,0.0
2031-08-26,1.0
2031-08-27,-1.0
2031-08-28,0.0
2031-08-29,0.5
2031-08-31,0.0
2031-09-02,0.0
2031-09-03,0.0
2031-09-04,0.0
2031-09-05,0.5
2031-09-07,0.0
2031-09-08,0.0
2031-09-09,0.5
2031-09-10,0.0
2031-09-11,1.0
2031-09-13,1.0
2031-09-14,1.0
2031-09-18,0.6666666666666666
2031-09-19,1.0
2031-09-20,0.5
2031-09-21,0.0
2031-09-23,0.0
2031-09-24,0.5
2031-09-25,0.0
2031-09-26,0.0
2031-09-27,0.0
2031-09-29,-1.0
2031-10-03,0.0
2031-10-04,0.0
2031-10-05,0.0
2031-10-08,1.0
2031-10-09,0.5
2031-10-10,0.5
2031-10-12,-1.0
2031-10-13,0.0
2031-10-14,0.0
2031-10-15,0.6666666666666666
2031-10-16,-0.4
2031-10-17,-0.3333333333333333
2031-10-19,0.0
2031-10-22,0.0
2031-10-24,0.0
2031-10-26,0.0
2031-10-27,-1.0
2031-10-30,1.0
2031-10-31,0.0
2031-11-02,0.0
2031-11-03,-1.0
2031-11-04,0.0
2031-11-05,0.0
2031-11-06,0.0
2031-11-07,1.0
2031-11-09,0.0
2031-11-12,0.3333333333333333
2031-11-14,0.0
2031-11-15,-1.0
2031-11-16,-1.0
2031-11-19,0.0
2031-11-20,0.0
2031-11-23,0.0
2031-11-24,0.0
2031-11-25,0.0
2031-11-27,0.0
2031-11-29,0.0
2031-11-30,0.5
2031-12-01,0.5
2031-12-02,0.0
2031-12-03,1.0
2031-12-04,0.0
2031-12-08,0.0
2031-12-09,-0.5
2031-12-10,0.5
2031-12-12,0.4
2031-12-14,0.0
2031-12-15,0.0
2031-12-17,1.0
2031-12-21,-1.0
2031-12-22,0.0
2031-12-24,-0.5
2031-12-25,0.5
2031-12-26,0.0
2031-12-28,0.0
2031-12-30,0.0
2031-12-31,0.5
2032-01-01,0.0
2032-01-03,1.0
2032-01-04,0.0
2032-01-05,0.3333333333333333
2032-01-07,0.0
2032-01-09,0.5
2032-01-12,0.0
2032-01-13,-0.3333333333333333
2032-01-15,1.0
2032-01-16,1.0
2032-01-18,-0.3333333333333333
2032-01-21,0.0
2032-01-22,-1.0
2032-01-26,0.0
2032-01-27,0.0
2032-01-28,0.0
2032-01-30,0.0
2032-01-31,0.0
2032-02-01,0.2
2032-02-04,0.5
2032-02-05,0.0
2032-02-06,1.0
2032-02-07,0.0
2032-02-10,0.3333333333333333
2032-02-12,-0.5
2032-02-14,0.0
2032-02-16,0.5
2032-02-18,0.0
2032-02-21,1.0
2032-02-22,-1.0
2032-02-23,-0.5
2032-02-24,0.0
2032-02-26,0.0
2032-02-29,0.0
2032-03-01,-1.0
2032-03-02,0.0
2032-03-04,0.0
2032-03-05,0.5
2032-03-06,1.0
2032-03-07,0.0
2032-03-08,0.0
2032-03-09,0.0
2032-03-10,0.0
2032-03-12,0.0
2032-03-14,0.0
2032-03-15,1.0
2032-03-16,-1.0
2032-03-18,-1.0
2032-03-20,0.0
2032-03-21,0.5
2032-03-23,0.0
2032-03-26,0.0
2032-03-27,0.0
2032-03-28,0.0
2032-03-29,0.0
2032-03-31,1.0
2032-04-01,0.0
2032-04-03,0.0
2032-04-06,-0.5
